MIa,Sophie
MIa,Margaret
MIa,Josh
MIa,Ally
MIa,Jaden
MIa,Michael
MIa,Samantha
MIa,Jazmyn
MIa,Eu
MIa,Grace
MIa,Klarman
MIa,Allison
MIa,David
MIa,Eugene
MIa,Dani
MIa,Ava
Sophie,Margaret
Sophie,Josh
Sophie,Samantha
Sophie,Allison
Sophie,David
Sophie,Eugene
Sophie,Dani
Sophie,Jamie
Margaret,Josh
Margaret,Michal
Margaret,Samantha
Margaret,Jazmyn
Margaret,Rylie
Margaret,Allison
Margaret,Nicole
Margaret,Elizabet
Josh,Samantha
Josh,Klarman
Josh,Allison
Ally,Eu
Ally,Michael
Jaden,Eva
Jaden,Eu
Jaden,Michael
Michael,Eva
Jazmyn,Michal
Jazmyn,Jamie
Jazmyn,Lauren
Rylie,Lauren
Allison,Lauren
Mikaela,Michal
Mikaela,Lauren
Becca,Michal
Becca,Lauren
Lanny,Michal
Lanny,Lauren
Eugene,Lauren
Lana,Michal
Lana,Lauren
Minh,Michal
Minh,Lauren
Jackson,Michal
Jackson,Henry
Jackson,Nicole
Jackson,Oli
Jackson,Lauren
Shreyas,Henry
Shreyas,Nicole
Shreyas,Ava
Henry,Ava
Henry,Lauren
Henry,Oli
Nicole,Lauren
Elizabet,Lauren
Elizabet,Ava
Oli,Michal
Oli,Lauren
Jamie,Lauren
Jamie,Michal
Ava,Lauren
Ava,Michal
Michal,Lauren